date,buy,sell
2016-01-05,30100000,30400000
2016-01-06,30150000,30450000
2016-01-07,30330000,30630000
2016-01-08,30350000,30650000
2016-01-09,30400000,30700000
2016-01-11,30500000,30800000
2016-01-12,30430000,30730000
2016-01-13,30210000,30510000
2016-01-14,30250000,30550000
2016-01-15,30090000,30390000
2016-01-16,30190000,30490000
2016-01-18,30230000,30530000
2016-01-19,30230000,30530000
2016-01-20,30280000,30580000
2016-01-21,30360000,30660000
2016-01-22,30300000,30600000
2016-01-23,30350000,30650000
2016-01-25,30400000,30700000
2016-01-26,30540000,30840000
2016-01-27,30570000,30870000
2016-01-28,30570000,30870000
2016-01-29,30410000,30710000
2016-01-30,30450000,30750000
2016-02-01,30680000,30980000
2016-02-02,30820000,31120000
2016-02-03,30950000,31250000
2016-02-04,31280000,31580000
2016-02-05,31600000,31900000
2016-02-10,32400000,32700000
2016-02-11,32600000,32900000
2016-02-12,33300000,33800000
2016-02-14,33300000,33800000
2016-02-15,32700000,33000000
2016-02-16,32750000,33050000
2016-02-17,32500000,32900000
2016-02-18,32500000,32850000
2016-02-19,32650000,33050000
2016-02-20,32700000,33100000
2016-02-22,32400000,32800000
2016-02-23,32580000,32980000
2016-02-24,32800000,33200000
2016-02-25,32970000,33370000
2016-02-26,32950000,33350000
2016-02-27,32700000,33100000
2016-02-29,32790000,33190000
2016-03-01,33000000,33400000
2016-03-02,32750000,33150000
2016-03-03,33000000,33400000
2016-03-04,33480000,33880000
2016-03-05,33400000,33800000
2016-03-07,33590000,33990000
2016-03-08,33780000,34130000
2016-03-09,33540000,33840000
2016-03-10,33400000,33700000
2016-03-11,33550000,33850000
2016-03-12,33350000,33650000
2016-03-14,33580000,33880000
2016-03-15,33150000,33550000
2016-03-16,33170000,33470000
2016-03-17,33610000,33910000
2016-03-18,33410000,33710000
2016-03-19,33460000,33760000
2016-03-21,33350000,33650000
2016-03-22,33390000,33690000
2016-03-23,33260000,33560000
2016-03-24,32870000,33170000
2016-03-25,32900000,33200000
2016-03-28,32750000,33050000
2016-03-29,32750000,33050000
2016-03-30,32960000,33260000
2016-03-31,32900000,33200000
2016-04-01,32910000,33210000
2016-04-02,32770000,33070000
2016-04-04,32740000,33040000
2016-04-05,32900000,33200000
2016-04-06,32900000,33200000
2016-04-07,32980000,33280000
2016-04-08,32980000,33280000
2016-04-09,33030000,33280000
2016-04-11,33180000,33430000
2016-04-12,33230000,33480000
2016-04-13,33280000,33530000
2016-04-15,33030000,33280000
2016-04-18,33100000,33400000
2016-04-19,33150000,33400000
2016-04-20,33220000,33470000
2016-04-21,33270000,33520000
2016-04-22,33250000,33500000
2016-04-23,33130000,33380000
2016-04-25,33150000,33400000
2016-04-26,33150000,33400000
2016-04-27,33210000,33460000
2016-04-28,33300000,33550000
2016-04-29,33700000,33950000
2016-04-30,33650000,33950000
2016-05-02,34000000,34400000
2016-05-04,33740000,34040000
2016-05-05,33700000,34000000
2016-05-06,33830000,34080000
2016-05-07,33970000,34270000
2016-05-09,33920000,34170000
2016-05-10,33630000,33880000
2016-05-13,33830000,34080000
2016-05-16,33900000,34150000
2016-05-18,33930000,34180000
2016-05-19,33730000,33980000
2016-05-23,33670000,33920000
2016-05-24,33540000,33790000
2016-05-25,33330000,33580000
2016-05-26,33280000,33530000
2016-05-27,33130000,33430000
2016-05-28,33080000,33380000
2016-05-30,32850000,33150000
2016-05-31,32930000,33230000
2016-06-01,33060000,33360000
2016-06-04,33300000,33600000
2016-06-06,33290000,33590000
2016-06-07,33300000,33600000
2016-06-08,33420000,33670000
2016-06-09,33560000,33830000
2016-06-10,33640000,33890000
2016-06-11,33780000,34060000
2016-06-13,34000000,34300000
2016-06-14,34150000,34150000
2016-06-15,33990000,34290000
2016-06-16,34510000,34810000
2016-06-17,34080000,34380000
2016-06-18,34370000,34670000
2016-06-20,34170000,34470000
2016-06-21,34060000,34360000
2016-06-22,33690000,33990000
2016-06-23,33800000,34100000
2016-06-24,34550000,35050000
2016-06-25,34600000,35100000
2016-06-27,34850000,35350000
2016-06-28,34640000,35040000
2016-06-29,34920000,35270000
2016-06-30,34920000,35270000
2016-07-01,35250000,35580000
2016-07-02,35450000,35850000
2016-07-04,36100000,36600000
2016-07-05,36000000,36500000
2016-07-06,37100000,37700000
2016-07-07,36400000,37000000
2016-07-08,36450000,37050000
2016-07-09,36600000,37200000
2016-07-11,36300000,36900000
2016-07-12,36100000,36700000
2016-07-13,35850000,36350000
2016-07-14,35600000,36100000
2016-07-15,35610000,36110000
2016-07-16,35750000,36250000
2016-07-18,35530000,36030000
2016-07-19,35520000,36020000
2016-07-20,35630000,36030000
2016-07-21,35410000,35810000
2016-07-22,35480000,35880000
2016-07-23,35420000,35820000
2016-07-25,35300000,35700000
2016-07-26,35360000,35760000
2016-07-27,35300000,35700000
2016-07-28,35730000,36130000
2016-07-29,35610000,36010000
2016-07-30,35850000,36250000
2016-08-01,35940000,36340000
2016-08-02,36250000,36650000
2016-08-03,36380000,36780000
2016-08-04,36200000,36600000
2016-08-05,36370000,36770000
2016-08-06,35820000,36220000
2016-08-08,35810000,36210000
2016-08-09,35830000,36230000
2016-08-10,36100000,36500000
2016-08-11,36000000,36400000
2016-08-12,35830000,36230000
2016-08-13,35830000,36230000
2016-08-15,35900000,36300000
2016-08-16,36050000,36450000
2016-08-17,35980000,36380000
2016-08-18,36070000,36470000
2016-08-19,36050000,36450000
2016-08-20,35940000,36340000
2016-08-22,35830000,36230000
2016-08-23,35980000,36380000
2016-08-24,35950000,36350000
2016-08-25,35760000,36160000
2016-08-26,35740000,36140000
2016-08-27,35710000,36110000
2016-08-29,35680000,36080000
2016-08-30,35690000,36090000
2016-08-31,35540000,35940000
2016-09-01,35280000,35680000
2016-09-02,35320000,35720000
2016-09-03,35450000,35850000
2016-09-05,35650000,36050000
2016-09-06,35720000,36120000
2016-09-07,36020000,36420000
2016-09-08,36000000,36400000
2016-09-09,35770000,36170000
2016-09-10,35740000,36140000
2016-09-12,35800000,36200000
2016-09-13,35850000,36250000
2016-09-14,35700000,36040000
2016-09-15,35690000,36030000
2016-09-16,35630000,35970000
2016-09-17,35530000,35870000
2016-09-19,35610000,35950000
2016-09-20,35620000,35960000
2016-09-21,35660000,36000000
2016-09-22,35900000,36240000
2016-09-23,35900000,36240000
2016-09-24,35890000,36230000
2016-09-26,35850000,36190000
2016-09-27,35860000,36200000
2016-09-28,35730000,36070000
2016-09-29,35700000,36040000
2016-09-30,35750000,36090000
2016-10-01,35670000,36010000
2016-10-03,35670000,36010000
2016-10-04,35520000,35860000
2016-10-05,34630000,34980000
2016-10-06,34510000,34860000
2016-10-07,34420000,34770000
2016-10-08,34470000,34820000
2016-10-10,34580000,34930000
2016-10-11,34500000,34850000
2016-10-12,34440000,34790000
2016-10-13,34450000,34800000
2016-10-14,34420000,34770000
2016-10-15,34350000,34700000
2016-10-17,34300000,34650000
2016-10-18,34400000,34750000
2016-10-19,34530000,34880000
2016-10-20,34510000,34860000
2016-10-21,34450000,34800000
2016-10-22,34480000,34830000
2016-10-24,34470000,34820000
2016-10-25,34550000,34900000
2016-10-26,34590000,34940000
2016-10-27,34490000,34840000
2016-10-28,34520000,34870000
2016-10-29,34590000,34940000
2016-10-31,34570000,34920000
2016-11-01,34730000,35080000
2016-11-02,35050000,35400000
2016-11-03,35100000,35450000
2016-11-04,35150000,35500000
2016-11-05,35170000,35520000
2016-11-07,34870000,35220000
2016-11-08,34850000,35200000
2016-11-09,35300000,35700000
2016-11-10,34950000,35350000
2016-11-11,34500000,34850000
2016-11-12,33900000,34250000
2016-11-14,33900000,34250000
2016-11-15,33950000,34300000
2016-11-16,33950000,34300000
2016-11-17,33970000,34320000
2016-11-18,33700000,34050000
2016-11-19,33750000,34100000
2016-11-21,33800000,34150000
2016-11-22,33900000,34250000
2016-11-23,33810000,34160000
2016-11-24,33500000,33850000
2016-11-25,33480000,33830000
2016-11-26,33460000,33810000
2016-11-28,33580000,33930000
2016-11-29,33490000,33840000
2016-11-30,33480000,33830000
2016-12-01,33150000,33500000
2016-12-02,33400000,33750000
2016-12-03,33520000,33870000
2016-12-04,33550000,33900000
2016-12-05,33400000,33750000
2016-12-06,33600000,33950000
2016-12-07,33600000,33950000
2016-12-08,33600000,33950000
2016-12-09,33450000,33800000
2016-12-10,33380000,33730000
2016-12-12,33400000,33750000
2016-12-13,33450000,33800000
2016-12-14,33480000,33830000
2016-12-15,33050000,33400000
2016-12-16,33000000,33350000
2016-12-17,33050000,33400000
2016-12-19,33160000,33510000
2016-12-20,33100000,33450000
2016-12-21,33050000,33400000
2016-12-22,32860000,33210000
2016-12-23,32820000,33170000
2016-12-24,32940000,33290000
2016-12-26,32820000,33170000
2016-12-27,33000000,33350000
2016-12-28,32830000,33180000
2016-12-29,33000000,33350000
2016-12-30,32900000,33650000
2016-12-31,32400000,33250000
2017-01-03,33170000,33520000
2017-01-04,33300000,33650000
2017-01-05,33500000,33850000
2017-01-06,33550000,33900000
2017-01-07,33550000,33900000
2017-01-09,33600000,33950000
2017-01-10,33600000,33950000
2017-01-11,33650000,34000000
2017-01-12,33920000,34270000
2017-01-13,33800000,34150000
2017-01-14,33830000,34180000
2017-01-16,33850000,34200000
2017-01-17,34190000,34540000
2017-01-18,34130000,34480000
2017-01-19,33910000,34260000
2017-01-20,33850000,34200000
2017-01-21,33950000,34300000
2017-01-23,34040000,34390000
2017-01-24,34140000,34490000
2017-01-25,34020000,34370000
2017-01-26,33850000,34400000
2017-01-31,33950000,34500000
2017-02-01,34150000,34700000
2017-02-02,34700000,35150000
2017-02-03,34550000,35000000
2017-02-04,34700000,35150000
2017-02-05,34750000,35200000
2017-02-06,34600000,35200000
2017-02-07,34450000,34950000
2017-02-08,34470000,34920000
2017-02-09,34550000,35000000
2017-02-10,34350000,34750000
2017-02-11,34400000,34800000
2017-02-13,34310000,34710000
2017-02-14,34300000,34700000
2017-02-15,34290000,34690000
2017-02-16,34400000,34800000
2017-02-17,34400000,34800000
2017-02-18,34340000,34740000
2017-02-20,34400000,34800000
2017-02-21,34370000,34770000
2017-02-22,34400000,34800000
2017-02-23,34400000,34800000
2017-02-24,34560000,34960000
2017-02-25,34550000,34950000
2017-02-27,34520000,34920000
2017-02-28,34460000,34860000
2017-03-01,34430000,34830000
2017-03-02,34440000,34840000
2017-03-03,34240000,34640000
2017-03-04,34280000,34680000
2017-03-06,34230000,34630000
2017-03-07,34090000,34490000
2017-03-08,33890000,34290000
2017-03-09,33760000,34160000
2017-03-10,33620000,34020000
2017-03-11,33680000,34080000
2017-03-13,33730000,34130000
2017-03-14,33680000,34080000
2017-03-15,33690000,34090000
2017-03-16,33900000,34300000
2017-03-17,33950000,34350000
2017-04-19,33950000,34350000
2017-07-14,33950000,34350000
2017-10-08,33950000,34350000
2018-01-02,33950000,34350000
2018-03-13,33950000,34350000
2018-03-19,33950000,34350000
2018-03-21,36410000,36810000
2018-03-22,36600000,37000000
2018-03-23,36740000,37140000
2018-03-24,36890000,37290000
2018-03-26,36900000,37300000
2018-03-27,36910000,37310000
2018-03-28,36760000,37160000
2018-03-29,36570000,36970000
2018-03-30,36630000,37030000
2018-03-31,36610000,37010000
2018-04-02,36680000,37080000
2018-04-03,36740000,37140000
2018-04-04,36790000,37190000
2018-04-05,36640000,37040000
2018-04-06,36640000,37040000
2018-04-07,36720000,37120000
2018-04-09,36680000,37080000
2018-04-10,36750000,37150000
2018-04-11,36830000,37230000
2018-04-12,36880000,37280000
2018-04-13,36860000,37260000
2018-04-14,36950000,37350000
2018-04-16,36860000,37260000
2018-04-17,36870000,37270000
2018-04-18,36880000,37280000
2018-04-19,36980000,37380000
2018-04-20,36850000,37250000
2018-04-21,36760000,37160000
2018-04-23,36630000,37030000
2018-04-24,36670000,37070000
2018-04-26,36620000,37020000
2018-04-27,36570000,36970000
2018-04-28,36670000,37070000
2018-05-02,36470000,36870000
2018-05-03,36480000,36880000
2018-05-04,36440000,36840000
2018-05-05,36470000,36870000
2018-05-07,36450000,36850000
2018-05-08,36420000,36820000
2018-05-09,36320000,36720000
2018-05-10,36380000,36780000
2018-05-11,36530000,36930000
2018-05-12,36470000,36870000
2018-05-14,36540000,36940000
2018-05-15,36380000,36780000
2018-05-16,36060000,36460000
2018-05-17,35960000,36360000
2018-05-18,35960000,36360000
2018-05-19,36000000,36400000
2018-05-21,35860000,36260000
2018-05-22,35950000,36350000
2018-05-23,35930000,36330000
2018-05-24,35970000,36370000
2018-05-25,36080000,36480000
2018-05-26,36030000,36430000
2018-05-28,35960000,36360000
2018-05-29,36060000,36460000
2018-05-30,36010000,36410000
2018-05-31,36100000,36500000
2018-06-01,36050000,36450000
2018-06-02,35990000,36390000
2018-06-04,35950000,36350000
2018-06-05,35930000,36330000
2018-06-06,35970000,36370000
2018-06-07,35990000,36390000
2018-06-08,36010000,36410000
2018-06-09,36030000,36430000
2018-06-11,36060000,36460000
2018-06-12,36080000,36480000
2018-06-13,36050000,36450000
2018-06-14,36120000,36520000
2018-06-15,36090000,36490000
2018-06-16,35910000,36310000
2018-06-18,35930000,36330000
2018-06-19,35930000,36330000
2018-06-20,35840000,36240000
2018-06-21,35660000,36060000
2018-06-22,35700000,36100000
2018-06-23,35700000,36100000
2018-06-25,35650000,36050000
2018-06-26,35470000,35870000
2018-06-27,35400000,35800000
2018-06-28,35300000,35700000
2018-06-29,35260000,35660000
2018-06-30,35280000,35680000
2018-07-02,35250000,35650000
2018-07-03,35190000,35590000
2018-07-04,35350000,35750000
2018-07-05,35350000,35750000
2018-07-06,35390000,35790000
2018-07-07,35370000,35770000
2018-07-09,35520000,35920000
2018-07-10,35400000,35800000
2018-07-11,35340000,35740000
2018-07-12,35190000,35590000
2018-07-13,35180000,35580000
2018-07-14,35220000,35620000
2018-07-16,35180000,35580000
2018-07-17,35160000,35560000
2018-07-18,34950000,35350000
2018-07-19,34850000,35250000
2018-07-20,34920000,35320000
2018-07-21,35020000,35420000
2018-07-23,35000000,35400000
2018-07-24,34930000,35330000
2018-07-25,35030000,35430000
2018-07-26,35000000,35400000
2018-07-27,34930000,35330000
2018-07-28,34950000,35350000
2018-07-30,34970000,35370000
2018-07-31,34900000,35300000
2018-08-01,34950000,35350000
2018-08-02,34840000,35240000
2018-08-03,34780000,35180000
2018-08-04,34850000,35250000
2018-08-06,34830000,35230000
2018-08-07,34860000,35260000
2018-08-08,34830000,35230000
2018-08-09,34810000,35210000
2018-08-10,34810000,35210000
2018-08-11,34810000,35210000
2018-08-13,34710000,35110000
2018-08-14,34550000,34950000
2018-08-15,34440000,34840000
2018-08-16,34300000,34700000
2018-08-17,34240000,34640000
2018-08-18,34310000,34710000
2018-08-20,34290000,34690000
2018-08-21,34370000,34770000
2018-08-22,34400000,34800000
2018-08-23,34270000,34670000
2018-08-24,34250000,34650000
2018-08-25,34450000,34850000
2018-08-27,34440000,34840000
2018-08-28,34550000,34950000
2018-08-29,34390000,34790000
2018-08-30,34380000,34780000
2018-08-31,34410000,34810000
2018-09-01,34380000,34780000
2018-09-04,34340000,34740000
2018-09-05,34310000,34710000
2018-09-06,34400000,34800000
2018-09-07,34400000,34800000
2018-09-08,34340000,34740000
2018-09-10,34320000,34720000
2018-09-11,34330000,34730000
2018-09-12,34300000,34700000
2018-09-13,34400000,34800000
2018-09-14,34400000,34800000
2018-09-15,34270000,34670000
2018-09-17,34300000,34700000
2018-09-18,34320000,34720000
2018-09-19,34340000,34740000
2018-09-20,34320000,34720000
2018-09-21,34440000,34840000
2018-09-22,34350000,34750000
2018-09-24,34330000,34730000
2018-09-25,34340000,34740000
2018-09-26,34350000,34750000
2018-09-27,34300000,34700000
2018-09-28,34160000,34560000
2018-09-29,34320000,34720000
2018-10-01,34190000,34590000
2018-10-02,34260000,34660000
2018-10-03,34350000,34750000
2018-10-04,34330000,34730000
2018-10-05,34340000,34740000
2018-10-06,34370000,34770000
2018-10-08,34300000,34700000
2018-10-09,34230000,34630000
2018-10-10,34200000,34600000
2018-10-11,34300000,34700000
2018-10-12,34600000,35000000
2018-10-13,34600000,35000000
2018-10-15,34900000,35300000
2018-10-16,34940000,35340000
2018-10-17,34930000,35330000
2018-10-18,34900000,35300000
2018-10-19,35000000,35400000
2018-10-20,35000000,35400000
2018-10-22,34980000,35380000
2018-10-23,35110000,35510000
2018-10-24,35100000,35500000
2018-10-25,35150000,35550000
2018-10-26,35170000,35570000
2018-10-27,35140000,35540000
2018-10-29,35110000,35510000
2018-10-30,35020000,35420000
2018-10-31,34830000,35230000
2018-11-01,34920000,35320000
2018-11-02,35060000,35460000
2018-11-03,35030000,35430000
2018-11-05,35050000,35450000
2018-11-06,35070000,35470000
2018-11-07,35030000,35430000
2018-11-08,34930000,35330000
2018-11-09,34870000,35270000
2018-11-10,34700000,35100000
2018-11-12,34650000,35050000
2018-11-13,34540000,34940000
2018-11-14,34530000,34930000
2018-11-15,34640000,35040000
2018-11-16,34700000,35100000
2018-11-17,34800000,35200000
2018-11-19,34800000,35200000
2018-11-20,34860000,35260000
2018-11-21,34860000,35260000
2018-11-22,34860000,35260000
2018-11-23,34820000,35220000
2018-11-24,34820000,35220000
2018-11-26,34850000,35250000
2018-11-27,34820000,35220000
2018-11-28,34700000,35100000
2018-11-29,34850000,35250000
2018-11-30,34790000,35190000
2018-12-01,34770000,35170000
2018-12-03,34930000,35330000
2018-12-04,35120000,35520000
2018-12-05,34970000,35370000
2018-12-06,35050000,35450000
2018-12-07,35050000,35450000
2018-12-08,35200000,35600000
2018-12-10,35250000,35650000
2018-12-11,35240000,35640000
2018-12-12,35220000,35620000
2018-12-13,35260000,35660000
2018-12-14,35210000,35610000
2018-12-15,35190000,35590000
2018-12-17,35200000,35600000
2018-12-18,35360000,35760000
2018-12-19,35460000,35860000
2018-12-20,35500000,35900000
2018-12-21,35570000,35970000
2018-12-22,35530000,35930000
2018-12-24,35680000,36080000
2018-12-25,35790000,36190000
2018-12-26,35900000,36300000
2018-12-27,35910000,36310000
2018-12-28,36050000,36450000
2018-12-29,36050000,36450000
2018-12-31,36000000,36400000
2019-01-02,36140000,36540000
2019-01-03,36180000,36580000
2019-01-04,36300000,36700000
2019-01-05,36200000,36600000
2019-01-07,36280000,36680000
2019-01-08,36200000,36600000
2019-01-09,36180000,36580000
2019-01-10,36280000,36680000
2019-01-11,36260000,36660000
2019-01-12,36230000,36630000
2019-01-14,36310000,36710000
2019-01-15,36280000,36680000
2019-01-16,36280000,36680000
2019-01-17,36420000,36820000
2019-01-18,36310000,36710000
2019-01-19,36230000,36630000
2019-01-21,36190000,36590000
2019-01-22,36170000,36570000
2019-01-23,36210000,36610000
2019-01-24,36150000,36550000
2019-01-25,36220000,36620000
2019-01-26,36480000,36880000
2019-01-28,36450000,36850000
2019-01-29,36550000,36950000
2019-01-30,36650000,37050000
2019-01-31,36770000,37170000
2019-02-01,36790000,37190000
2019-02-11,36950000,37350000
2019-02-12,36980000,37380000
2019-02-13,36890000,37290000
2019-02-14,36750000,37250000
2019-02-15,36680000,37080000
2019-02-16,36740000,37140000
2019-02-18,36780000,37180000
2019-02-19,36800000,37200000
2019-02-20,36950000,37350000
2019-02-21,36890000,37290000
2019-02-22,36850000,37250000
2019-02-23,36870000,37270000
2019-02-25,36850000,37250000
2019-02-26,36810000,37210000
2019-02-27,36780000,37180000
2019-02-28,36700000,37100000
2019-03-01,36520000,36920000
2019-03-02,36280000,36680000
2019-03-04,36200000,36600000
2019-03-05,36230000,36630000
2019-03-06,36240000,36640000
2019-03-07,36230000,36630000
2019-03-08,36300000,36700000
2019-03-09,36340000,36740000
2019-03-11,36350000,36750000
2019-03-12,36350000,36750000
2019-03-13,36500000,36900000
2019-03-14,36440000,36840000
2019-03-15,36450000,36850000
2019-03-16,36430000,36830000
2019-03-18,36470000,36870000
2019-03-19,36510000,36910000
2019-03-20,36500000,36900000
2019-03-21,36650000,37050000
2019-03-22,36560000,36960000
2019-03-23,36600000,37000000
2019-03-25,36650000,37050000
2019-03-26,36660000,37060000
2019-03-27,36640000,37040000
2019-03-28,36610000,37010000
2019-03-29,36380000,36780000
2019-03-30,36410000,36810000
2019-04-01,36360000,36760000
2019-04-02,36310000,36710000
2019-04-03,36320000,36720000
2019-04-04,36340000,36740000
2019-04-05,36300000,36700000
2019-04-06,36300000,36700000
2019-04-08,36360000,36760000
2019-04-09,36370000,36770000
2019-04-10,36450000,36850000
2019-04-11,36450000,36850000
2019-04-12,36380000,36780000
2019-04-13,36370000,36770000
2019-04-16,36310000,36710000
2019-04-17,36200000,36600000
2019-04-18,36190000,36590000
2019-04-19,36170000,36570000
2019-04-20,36190000,36590000
2019-04-22,36170000,36570000
2019-04-23,36100000,36500000
2019-04-24,36090000,36490000
2019-04-25,36150000,36550000
2019-04-26,36230000,36630000
2019-04-27,36280000,36680000
2019-05-02,36060000,36460000
2019-05-03,36020000,36420000
2019-05-04,36120000,36520000
2019-05-06,36150000,36550000
2019-05-07,36150000,36550000
2019-05-08,36200000,36600000
2019-05-09,36220000,36620000
2019-05-10,36270000,36670000
2019-05-11,36270000,36670000
2019-05-13,36240000,36640000
2019-05-14,36390000,36790000
2019-05-15,36390000,36790000
2019-05-16,36400000,36800000
2019-05-17,36360000,36760000
2019-05-18,36270000,36670000
2019-05-20,36220000,36620000
2019-05-21,36230000,36630000
2019-05-22,36190000,36590000
2019-05-23,36240000,36640000
2019-05-24,36330000,36730000
2019-05-25,36360000,36760000
2019-05-27,36360000,36760000
2019-05-28,36300000,36700000
2019-05-29,36270000,36670000
2019-05-30,36220000,36620000
2019-05-31,36420000,36820000
2019-06-01,36580000,36980000
2019-06-02,36580000,36980000
2019-06-03,36700000,37100000
2019-06-04,36870000,37270000
2019-06-05,36970000,37370000
2019-06-06,37050000,37450000
2019-06-07,37050000,37450000
2019-06-08,37170000,37570000
2019-06-10,37050000,37450000
2019-06-11,36920000,37320000
2019-06-12,37190000,37590000
2019-06-13,37240000,37640000
2019-06-14,37520000,38020000
2019-06-15,37320000,37820000
2019-06-17,37380000,37780000
2019-06-18,37520000,37920000
2019-06-19,37450000,37850000
2019-06-20,38140000,38640000
2019-06-21,38350000,38850000
2019-06-22,38560000,39060000
2019-06-24,38570000,39070000
2019-06-25,38850000,39350000
2019-06-26,38500000,39000000
2019-06-27,38250000,38750000
2019-06-28,38400000,38900000
2019-06-29,38400000,38900000
2019-07-01,38000000,38450000
2019-07-02,38150000,38600000
2019-07-03,38650000,39150000
2019-07-04,38500000,39000000
2019-07-05,38650000,39150000
2019-07-06,38350000,38850000
2019-07-08,38550000,39050000
2019-07-09,38300000,38800000
2019-07-10,38500000,39000000
2019-07-11,38850000,39350000
2019-07-12,38650000,39150000
2019-07-13,38750000,39250000
2019-07-15,38950000,39400000
2019-07-16,38900000,39350000
2019-07-17,38830000,39280000
2019-07-18,39060000,39560000
2019-07-19,39500000,40000000
2019-07-20,39200000,39700000
2019-07-22,39370000,39820000
2019-07-23,39250000,39700000
2019-07-24,39450000,39900000
2019-07-25,39500000,39950000
2019-07-26,39340000,39790000
2019-07-27,39390000,39840000
2019-07-29,39360000,39810000
2019-07-30,39510000,39960000
2019-07-31,39600000,40050000
2019-08-01,39190000,39640000
2019-08-02,39630000,40080000
2019-08-03,39680000,40130000
2019-08-05,40200000,40700000
2019-08-06,40400000,40900000
2019-08-07,41100000,41600000
2019-08-08,41550000,42100000
2019-08-09,41450000,42000000
2019-08-10,41250000,41800000
2019-08-12,41350000,41850000
2019-08-13,41750000,42300000
2019-08-14,41200000,41750000
2019-08-15,41500000,42000000
2019-08-16,41350000,41850000
2019-08-17,41400000,41900000
2019-08-19,41250000,41800000
2019-08-20,41450000,41950000
2019-08-21,41300000,41800000
2019-08-22,41400000,41900000
2019-08-23,41400000,41900000
2019-08-24,41850000,42450000
2019-08-26,42150000,42750000
2019-08-27,42100000,42700000
2019-08-28,42300000,42900000
2019-08-29,42500000,43050000
2019-08-30,42210000,42760000
2019-08-31,42100000,42650000
2019-09-03,42250000,42750000
2019-09-04,42300000,42850000
2019-09-05,42420000,42970000
2019-09-06,41950000,42500000
2019-09-07,41900000,42450000
2019-09-09,41750000,42250000
2019-09-10,41400000,41900000
2019-09-11,41300000,41800000
2019-09-12,41550000,42050000
2019-09-13,41790000,42290000
2019-09-14,41500000,42000000
2019-09-16,41580000,42080000
2019-09-17,41480000,41980000
2019-09-18,41630000,42080000
2019-09-19,41600000,42050000
2019-09-20,41630000,42080000
2019-09-21,41830000,42330000
2019-09-23,41980000,42430000
2019-09-24,42050000,42500000
2019-09-25,42250000,42750000
2019-09-26,41900000,42400000
2019-09-27,41650000,42150000
2019-09-28,41650000,42150000
2019-09-30,41480000,41950000
2019-10-01,40900000,41400000
2019-10-02,41180000,41680000
2019-10-03,41600000,42100000
2019-10-04,41700000,42200000
2019-10-05,41700000,42200000
2019-10-07,41600000,42100000
2019-10-08,41550000,42000000
2019-10-09,41740000,42190000
2019-10-10,41750000,42200000
2019-10-11,41720000,42170000
2019-10-12,41450000,41950000
2019-10-14,41550000,42000000
2019-10-15,41460000,41910000
2019-10-16,41410000,41860000
2019-10-17,41420000,41870000
2019-10-18,41470000,41920000
2019-10-19,41470000,41920000
2019-10-21,41490000,41940000
2019-10-22,41430000,41880000
2019-10-23,41540000,41990000
2019-10-24,41480000,41930000
2019-10-25,41650000,42100000
2019-10-26,41620000,42120000
2019-10-28,41710000,42160000
2019-10-29,41620000,42070000
2019-10-30,41530000,41980000
2019-10-31,41680000,42130000
2019-11-01,41860000,42310000
2019-11-02,41830000,42330000
2019-11-04,41780000,42230000
2019-11-05,41700000,42150000
2019-11-06,41560000,42010000
2019-11-07,41590000,42040000
2019-11-08,41360000,41810000
2019-11-09,41200000,41700000
2019-11-11,41280000,41730000
2019-11-12,41050000,41500000
2019-11-13,41130000,41580000
2019-11-14,41220000,41670000
2019-11-15,41190000,41640000
2019-11-16,41180000,41680000
2019-11-17,41230000,41680000
2019-11-18,41120000,41570000
2019-11-19,41210000,41660000
2019-11-20,41400000,41830000
2019-11-21,41360000,41790000
2019-11-22,41350000,41780000
2019-11-23,41230000,41680000
2019-11-25,41130000,41560000
2019-11-26,41090000,41520000
2019-11-27,41120000,41550000
2019-11-28,41070000,41470000
2019-11-29,41120000,41520000
2019-11-30,41180000,41610000
2019-12-02,41060000,41490000
2019-12-03,41200000,41600000
2019-12-04,41310000,41730000
2019-12-05,41340000,41760000
2019-12-06,41320000,41730000
2019-12-07,41180000,41630000
2019-12-09,41170000,41590000
2019-12-10,41200000,41620000
2019-12-11,41190000,41610000
2019-12-12,41290000,41710000
2019-12-13,41280000,41700000
2019-12-14,41290000,41710000
2019-12-16,41370000,41790000
2019-12-17,41410000,41830000
2019-12-18,41420000,41840000
2019-12-19,41380000,41780000
2019-12-20,41420000,41820000
2019-12-21,41420000,41820000
2019-12-23,41540000,41940000
2019-12-24,41700000,42100000
2019-12-25,41890000,42340000
2019-12-26,41990000,42440000
2019-12-27,42100000,42600000
2019-12-28,42150000,42650000
2019-12-30,42280000,42760000
2019-12-31,42450000,42950000
2020-01-02,42390000,42840000
2020-01-03,42710000,43210000
2020-01-04,42960000,43460000
2020-01-06,44000000,44600000
2020-01-07,43650000,44150000
2020-01-08,43950000,44550000
2020-01-09,43050000,43600000
2020-01-10,43000000,43550000
2020-01-11,43250000,43800000
2020-01-13,43000000,43500000
2020-01-14,42950000,43450000
2020-01-15,43050000,43500000
2020-01-16,43100000,43550000
2020-01-17,43200000,43650000
2020-01-18,43250000,43750000
2020-01-20,43550000,44050000
2020-01-21,43550000,44050000
2020-01-22,43450000,43950000
2020-01-30,44300000,44800000
2020-01-31,44350000,44850000
2020-02-01,44650000,45200000
2020-02-02,44500000,45050000
2020-02-03,43900000,44700000
2020-02-04,43550000,44150000
2020-02-05,43550000,44100000
2020-02-06,43550000,44100000
2020-02-07,43600000,44100000
2020-02-08,43750000,44300000
2020-02-10,43900000,44450000
2020-02-11,43800000,44300000
2020-02-12,43850000,44350000
2020-02-13,43950000,44450000
2020-02-14,43900000,44400000
2020-02-15,44000000,44500000
2020-02-17,44100000,44600000
2020-02-18,44330000,44780000
2020-02-19,44650000,45150000
2020-02-20,44600000,45100000
2020-02-21,45250000,45750000
2020-02-22,45600000,46150000
2020-02-24,47200000,48700000
2020-02-25,46250000,47350000
2020-02-26,45950000,46850000
2020-02-27,45800000,46600000
2020-02-28,45700000,46350000
2020-02-29,44650000,45650000
2020-03-02,45250000,46000000
2020-03-03,45100000,45850000
2020-03-04,45600000,46500000
2020-03-05,45750000,46500000
2020-03-06,46550000,47250000
2020-03-07,46550000,47250000
2020-03-09,46400000,47300000
2020-03-10,46150000,47000000
2020-03-11,46300000,47100000
2020-03-12,46150000,46900000
2020-03-13,44900000,45800000
2020-03-14,43700000,45000000
2020-03-16,44100000,45100000
2020-03-17,43500000,44500000
2020-03-18,43700000,44600000
2020-03-19,43800000,44800000
2020-03-20,43850000,44750000
2020-03-21,43750000,44650000
2020-03-23,43800000,44600000
2020-03-24,44800000,45700000
2020-03-25,44850000,45750000
2020-03-26,44750000,45650000
2020-03-27,45050000,45950000
2020-03-28,45200000,46100000
2020-03-30,44950000,46050000
2020-03-31,44650000,45850000
2020-04-01,44350000,45550000
2020-04-03,44450000,45550000
2020-04-06,44650000,45650000
2020-04-07,45000000,46000000
2020-04-08,44800000,45800000
2020-04-09,44850000,45800000
2020-04-10,45000000,46000000
2020-04-13,45250000,46200000
2020-04-14,45600000,46600000
2020-04-15,45400000,46400000
2020-04-16,45650000,46600000
2020-04-17,45550000,46500000
2020-04-20,45300000,46250000
2020-04-21,45150000,46050000
2020-04-22,45500000,46400000
2020-04-23,45950000,46800000
2020-04-24,45950000,46800000
2020-04-25,46000000,46850000
2020-04-27,46140000,46990000
2020-04-28,46300000,47150000
2020-04-29,46150000,46950000
2020-05-04,46000000,46800000
2020-05-05,45850000,46650000
2020-05-06,45900000,46650000
2020-05-07,45800000,46550000
2020-05-08,46300000,47050000
2020-05-09,46050000,46800000
2020-05-11,46100000,46800000
2020-05-12,46300000,46950000
2020-05-13,46350000,47000000
2020-05-14,46800000,47500000
2020-05-15,47340000,48040000
2020-05-16,47450000,48250000
2020-05-18,48080000,48830000
2020-05-19,47580000,48330000
2020-05-20,47750000,48500000
2020-05-21,47550000,48300000
2020-05-22,47550000,48300000
2020-05-23,47500000,48250000
2020-05-25,47650000,48350000
2020-05-26,47600000,48300000
2020-05-27,47450000,48150000
2020-05-28,47750000,48400000
2020-05-29,47770000,48420000
2020-05-30,47800000,48450000
2020-06-01,47980000,48630000
2020-06-02,48070000,48670000
2020-06-03,47750000,48400000
2020-06-04,47570000,48220000
2020-06-05,47700000,48300000
2020-06-06,47250000,47850000
2020-06-08,47360000,47960000
2020-06-09,47410000,48010000
2020-06-10,47570000,48170000
2020-06-11,47820000,48420000
2020-06-12,47850000,48450000
2020-06-13,47800000,48400000
2020-06-15,47690000,48290000
2020-06-16,47830000,48430000
2020-06-17,47650000,48250000
2020-06-18,47900000,48500000
2020-06-19,47890000,48440000
2020-06-20,48070000,48670000
2020-06-22,48300000,48850000
2020-06-23,48480000,49030000
2020-06-24,48790000,49340000
2020-06-25,48650000,49200000
2020-06-26,48640000,49220000
2020-06-27,48750000,49350000
2020-06-29,48820000,49420000
2020-06-30,48910000,49460000
2020-07-01,49270000,49820000
2020-07-02,49020000,49570000
2020-07-03,49150000,49700000
2020-07-04,49150000,49700000
2020-07-06,49190000,49740000
2020-07-07,49220000,49800000
2020-07-08,49650000,50200000
2020-07-09,50120000,50670000
2020-07-10,50000000,50550000
2020-07-11,49850000,50400000
2020-07-13,49970000,50520000
2020-07-14,49880000,50430000
2020-07-15,50000000,50550000
2020-07-16,49980000,50510000
2020-07-17,49980000,50510000
2020-07-18,50080000,50630000
2020-07-20,50170000,50700000
2020-07-21,50440000,50990000
2020-07-22,51200000,52000000
2020-07-23,51900000,52700000
2020-07-24,52400000,53250000
2020-07-25,52400000,53300000
2020-07-27,53400000,54250000
2020-07-28,53550000,54750000
2020-07-29,53750000,54750000
2020-07-30,53800000,54800000
2020-07-31,54100000,55100000
2020-08-01,54050000,55050000
2020-08-03,54000000,55000000
2020-08-04,54100000,55050000
2020-08-05,55050000,56050000
2020-08-06,55750000,56950000
2020-08-07,56300000,57600000
2020-08-08,55200000,56500000
2020-08-10,54500000,55900000
2020-08-11,52250000,53950000
2020-08-12,50350000,53550000
2020-08-13,51400000,53600000
2020-08-14,52300000,53900000
2020-08-15,52210000,53810000
2020-08-17,52300000,53700000
2020-08-18,53850000,55350000
2020-08-19,53850000,55100000
2020-08-20,52900000,54000000
2020-08-21,53150000,54250000
2020-08-22,53150000,54250000
2020-08-24,53050000,54100000
2020-08-25,52700000,53750000
2020-08-26,52600000,53600000
2020-08-27,53250000,54150000
2020-08-28,53450000,54350000
2020-08-29,53600000,54500000
2020-08-31,54000000,54850000
2020-09-01,54600000,55400000
2020-09-03,53600000,54500000
2020-09-04,53750000,54600000
2020-09-05,53650000,54500000
2020-09-07,53600000,54350000
2020-09-08,53450000,54150000
2020-09-09,53600000,54250000
2020-09-10,53950000,54600000
2020-09-11,53900000,54550000
2020-09-12,53800000,54450000
2020-09-14,53900000,54500000
2020-09-15,54250000,54850000
2020-09-16,54300000,54850000
2020-09-17,54100000,54650000
2020-09-18,54250000,54800000
2020-09-19,54200000,54750000
2020-09-21,54100000,54600000
2020-09-22,53550000,54050000
2020-09-23,53350000,53850000
2020-09-24,52600000,53200000
2020-09-25,52900000,53500000
2020-09-26,52800000,53400000
2020-09-28,52550000,53100000
2020-09-29,52850000,53400000
2020-09-30,52850000,53400000
2020-10-01,53050000,53550000
2020-10-02,53300000,53800000
2020-10-03,53150000,53650000
2020-10-05,53200000,53700000
2020-10-06,53360000,53860000
2020-10-07,53030000,53530000
2020-10-08,53050000,53550000
2020-10-09,53250000,53750000
2020-10-10,53400000,53900000
2020-10-12,53500000,54000000
2020-10-13,53600000,54100000
2020-10-14,53270000,53770000
2020-10-15,53200000,53700000
2020-10-16,53450000,53950000
2020-10-17,53320000,53820000
2020-10-19,53500000,54000000
2020-10-20,53470000,53970000
2020-10-21,53600000,54100000
2020-10-22,53650000,54150000
2020-10-23,53550000,54050000
2020-10-24,53400000,53900000
2020-10-26,53460000,53960000
2020-10-27,53430000,53930000
2020-10-28,53550000,54050000
2020-10-29,53350000,53850000
2020-10-30,53220000,53720000
2020-10-31,53350000,53850000
2020-11-02,53800000,54300000
2020-11-03,53870000,54370000
2020-11-04,53700000,54250000
2020-11-05,53950000,54450000
2020-11-06,54250000,54750000
2020-11-07,54300000,54800000
2020-11-09,54550000,55050000
2020-11-10,53700000,54250000
2020-11-11,53800000,54350000
2020-11-12,53750000,54250000
2020-11-13,53800000,54300000
2020-11-14,53900000,54400000
2020-11-16,54100000,54600000
2020-11-17,54000000,54500000
2020-11-18,53950000,54450000
2020-11-19,53700000,54200000
2020-11-20,53850000,54350000
2020-11-21,53850000,54350000
2020-11-23,53800000,54300000
2020-11-24,53350000,53850000
2020-11-25,53000000,53600000
2020-11-26,53100000,53700000
2020-11-27,53000000,53550000
2020-11-28,52650000,53250000
2020-11-30,52350000,53050000
2020-12-01,52650000,53250000
2020-12-02,53150000,53750000
2020-12-03,53350000,53950000
2020-12-04,53400000,54000000
2020-12-05,53300000,53900000
2020-12-07,53350000,53900000
2020-12-08,53750000,54300000
2020-12-09,53650000,54200000
2020-12-10,53500000,54050000
2020-12-11,53600000,54100000
2020-12-12,53600000,54150000
2020-12-14,53500000,54000000
2020-12-15,53720000,54220000
2020-12-16,53900000,54450000
2020-12-17,54050000,54550000
2020-12-18,54000000,54550000
2020-12-19,54000000,54550000
2020-12-21,54250000,54800000
2020-12-22,54200000,54750000
2020-12-23,54250000,54800000
2020-12-24,54350000,54900000
2020-12-25,54400000,54950000
2020-12-28,54600000,55150000
2020-12-29,54600000,55150000
2020-12-30,54650000,55200000
2020-12-31,54900000,55450000
2021-01-02,54900000,55450000
2021-01-04,55500000,56050000
2021-01-05,55700000,56250000
2021-01-06,55850000,56400000
2021-01-07,55350000,55900000
2021-01-08,55000000,55600000
2021-01-09,54400000,55000000
2021-01-11,54550000,55150000
2021-01-12,54750000,55350000
2021-01-13,54800000,55400000
2021-01-14,54700000,55250000
2021-01-15,54800000,55350000
2021-01-16,54450000,55050000
2021-01-18,54600000,55150000
2021-01-19,54700000,55250000
2021-01-20,54850000,55400000
2021-01-21,54950000,55500000
2021-01-22,54750000,55300000
2021-01-23,54700000,55250000
2021-01-24,54700000,55250000
2021-01-25,54700000,55250000
2021-01-26,54700000,55200000
2021-01-27,54550000,55050000
2021-01-28,54400000,54900000
2021-01-29,54450000,54950000
2021-01-30,54400000,54900000
2021-02-01,54600000,55100000
2021-02-02,54450000,54950000
2021-02-03,54300000,54800000
2021-02-04,54050000,54550000
2021-02-05,53950000,54450000
2021-02-06,54000000,54550000
2021-02-08,54500000,55050000
2021-02-09,54950000,55550000
2021-02-17,54350000,54950000
2021-02-18,54350000,54900000
2021-02-19,54300000,54850000
2021-02-20,54300000,54900000
2021-02-21,54200000,54900000
2021-02-22,54250000,54800000
2021-02-23,54350000,54900000
2021-02-24,54250000,54750000
2021-02-25,53950000,54450000
2021-02-26,53500000,54100000
2021-02-27,53100000,53700000
2021-03-01,53300000,53850000
2021-03-02,53100000,53700000
2021-03-03,53200000,53750000
2021-03-04,52800000,53400000
2021-03-05,52350000,52950000
2021-03-06,52400000,53000000
2021-03-08,52100000,52700000
2021-03-09,51800000,52400000
2021-03-10,51700000,52300000
2021-03-11,51850000,52450000
2021-03-12,51350000,51950000
2021-03-13,51600000,52200000
2021-03-15,51550000,52150000
2021-03-16,51500000,52100000
2021-03-17,51400000,52000000
2021-03-18,51400000,52000000
2021-03-19,51350000,51950000
2021-03-20,51450000,52050000
2021-03-22,51250000,51850000
2021-03-23,51300000,51900000
2021-03-24,51250000,51850000
2021-03-25,51150000,51750000
2021-03-26,50950000,51550000
2021-03-27,50980000,51580000
2021-03-29,50720000,51320000
2021-03-30,50100000,50700000
2021-03-31,49400000,50000000
2021-04-01,49750000,50350000
2021-04-02,50300000,50900000
2021-04-03,50320000,50920000
2021-04-05,50300000,50900000
2021-04-06,50400000,51000000
2021-04-07,50520000,51120000
2021-04-08,50650000,51250000
2021-04-09,50800000,51400000
2021-04-10,50750000,51350000
2021-04-12,50950000,51550000
2021-04-13,51000000,51600000
2021-04-14,51370000,51970000
2021-04-15,51450000,52050000
2021-04-16,51800000,52400000
2021-04-17,52500000,53100000
2021-04-18,52500000,53100000
2021-04-19,52900000,53500000
2021-04-20,52700000,53300000
2021-04-21,52800000,53400000
2021-04-22,52750000,53350000
2021-04-23,52600000,53200000
2021-04-24,52400000,53000000
2021-04-26,52300000,52900000
2021-04-27,52200000,52800000
2021-04-28,51970000,52570000
2021-04-29,51950000,52550000
2021-05-03,51870000,52470000
2021-05-04,51870000,52470000
2021-05-05,51600000,52200000
2021-05-06,51620000,52220000
2021-05-07,51900000,52500000
2021-05-08,52130000,52730000
2021-05-10,52350000,52950000
2021-05-11,52250000,52850000
2021-05-12,52020000,52620000
2021-05-13,51750000,52350000
2021-05-14,52050000,52650000
2021-05-15,52170000,52770000
2021-05-17,52370000,52970000
2021-05-18,52470000,53070000
2021-05-19,52350000,52950000
2021-05-20,52430000,53030000
2021-05-21,52600000,53200000
2021-05-22,52600000,53200000
2021-05-24,52850000,53450000
2021-05-25,52850000,53450000
2021-05-26,53000000,53600000
2021-05-27,53000000,53600000
2021-05-28,53050000,53650000
2021-05-29,53180000,53780000
2021-05-31,53350000,53950000
2021-06-01,53450000,54050000
2021-06-02,53300000,53900000
2021-06-03,53250000,53850000
2021-06-04,52850000,53450000
2021-06-05,53050000,53650000
2021-06-07,52900000,53500000
2021-06-08,52880000,53480000
2021-06-09,52800000,53400000
2021-06-10,52850000,53450000
2021-06-11,52900000,53500000
2021-06-12,52700000,53300000
2021-06-14,52600000,53200000
2021-06-15,52550000,53150000
2021-06-16,52450000,53050000
2021-06-17,51750000,52350000
2021-06-18,51750000,52350000
2021-06-19,51500000,52100000
2021-06-21,51750000,52350000
2021-06-22,51600000,52200000
2021-06-23,51650000,52250000
2021-06-24,51600000,52200000
2021-06-25,51600000,52200000
2021-06-26,51550000,52150000
2021-06-28,51400000,52000000
2021-06-29,51200000,51800000
2021-06-30,50850000,51450000
2021-07-01,51050000,51650000
2021-07-02,51150000,51750000
2021-07-03,51200000,51800000
2021-07-05,51200000,51800000
2021-07-06,51450000,52050000
2021-07-07,51400000,52000000
2021-07-08,51200000,51850000
2021-07-09,51100000,51800000
2021-07-10,51100000,51800000
2021-07-12,51150000,51850000
2021-07-13,51200000,51900000
2021-07-14,51250000,51950000
2021-07-15,51450000,52150000
2021-07-16,51400000,52100000
2021-07-17,51250000,51950000
2021-07-19,51200000,51900000
2021-07-20,51350000,52050000
2021-07-21,51200000,51900000
2021-07-22,51100000,51800000
2021-07-23,51100000,51800000
2021-07-24,51000000,51700000
2021-07-26,51000000,51700000
2021-07-27,50900000,51600000
2021-07-28,50850000,51550000
2021-07-29,51050000,51750000
2021-07-30,51150000,51850000
2021-07-31,51000000,51700000
2021-08-02,50950000,51650000
2021-08-03,51050000,51750000
2021-08-04,51000000,51700000
2021-08-05,51000000,51700000
2021-08-06,50950000,51650000
2021-08-07,50600000,51300000
2021-08-09,50300000,51000000
2021-08-10,50300000,51000000
2021-08-11,50250000,50950000
2021-08-12,50450000,51150000
2021-08-13,50500000,51200000
2021-08-14,50800000,51500000
2021-08-16,50800000,51500000
2021-08-17,50850000,51550000
2021-08-18,50850000,51550000
2021-08-19,50800000,51500000
2021-08-20,50700000,51500000
2021-08-21,50700000,51500000
2021-08-23,50650000,51450000
2021-08-24,50800000,51600000
2021-08-25,50700000,51500000
2021-08-26,50550000,51350000
2021-08-27,50700000,51500000
2021-08-28,50850000,51650000
2021-08-30,50900000,51800000
2021-08-31,50900000,51800000
2021-09-01,50900000,51800000
2021-09-03,50850000,51750000
2021-09-04,51000000,51900000
2021-09-06,51000000,51900000
2021-09-07,51000000,51900000
2021-09-08,50700000,51600000
2021-09-09,50650000,51550000
2021-09-10,50700000,51600000
2021-09-11,50650000,51550000
2021-09-13,50650000,51550000
2021-09-14,50650000,51550000
2021-09-15,50750000,51650000
2021-09-16,50600000,51500000
2021-09-17,50200000,51100000
2021-09-18,50200000,51100000
2021-09-20,50200000,51100000
2021-09-21,50400000,51300000
2021-09-22,50550000,51450000
2021-09-23,50500000,51400000
2021-09-24,50300000,51200000
2021-09-25,50300000,51200000
2021-09-27,50400000,51300000
2021-09-28,50300000,51200000
2021-09-29,50100000,51000000
2021-09-30,49900000,50800000
2021-10-01,50300000,51200000
2021-10-02,50350000,51250000
2021-10-04,50300000,51200000
2021-10-05,50500000,51300000
2021-10-06,50350000,51150000
2021-10-07,50600000,51350000
2021-10-08,50600000,51350000
2021-10-09,50600000,51350000
2021-10-11,50600000,51350000
2021-10-12,50650000,51400000
2021-10-13,50700000,51450000
2021-10-14,51050000,51750000
2021-10-15,50900000,51600000
2021-10-16,50750000,51450000
2021-10-18,50750000,51450000
2021-10-19,50900000,51600000
2021-10-20,50950000,51650000
2021-10-21,51000000,51700000
2021-10-22,51200000,51900000
2021-10-23,51250000,51950000
2021-10-25,51500000,52200000
2021-10-26,51600000,52300000
2021-10-27,51400000,52100000
2021-10-28,51550000,52250000
2021-10-29,51550000,52250000
2021-10-30,51400000,52100000
2021-11-01,51450000,52150000
2021-11-02,51550000,52250000
2021-11-03,51350000,52050000
2021-11-04,51250000,51950000
2021-11-05,51450000,52150000
2021-11-06,51650000,52350000
2021-11-08,51650000,52350000
2021-11-09,51850000,52550000
2021-11-10,51850000,52550000
2021-11-11,52450000,53150000
2021-11-12,52600000,53300000
2021-11-13,52900000,53600000
2021-11-15,52950000,53650000
2021-11-16,53350000,54050000
2021-11-17,53100000,53800000
2021-11-18,53200000,53900000
2021-11-19,53100000,53800000
2021-11-20,52750000,53450000
2021-11-22,52550000,53250000
2021-11-23,51850000,52550000
2021-11-24,51550000,52250000
2021-11-25,51500000,52200000
2021-11-26,51800000,52500000
2021-11-27,51750000,52450000
2021-11-29,51750000,52450000
2021-11-30,51650000,52350000
2021-12-01,51450000,52150000
2021-12-02,51300000,52000000
2021-12-03,51300000,52000000
2021-12-04,51300000,52000000
2021-12-05,51500000,52200000
2021-12-06,51550000,52250000
2021-12-07,51600000,52300000
2021-12-08,51700000,52400000
2021-12-09,51650000,52350000
2021-12-10,51500000,52200000
2021-12-11,51550000,52250000
2021-12-13,51700000,52400000
2021-12-14,51750000,52450000
2021-12-15,51650000,52350000
2021-12-16,51850000,52550000
2021-12-17,52150000,52850000
2021-12-18,52000000,52700000
2021-12-20,52150000,52850000
2021-12-21,52100000,52800000
2021-12-22,51950000,52650000
2021-12-23,52150000,52850000
2021-12-24,52150000,52850000
2021-12-25,52150000,52850000
2021-12-27,52150000,52850000
2021-12-28,52200000,52900000
2021-12-29,51900000,52600000
2021-12-30,52000000,52700000
2021-12-31,52250000,52950000
2022-01-03,52400000,53100000
2022-01-04,52200000,52900000
2022-01-05,52350000,53050000
2022-01-06,52050000,52750000
2022-01-07,52000000,52700000
2022-01-08,52100000,52800000
2022-01-10,52100000,52800000
2022-01-11,52300000,53000000
2022-01-12,52400000,53100000
2022-01-13,52500000,53200000
2022-01-14,52550000,53250000
2022-01-15,52500000,53200000
2022-01-17,52600000,53250000
2022-01-18,52550000,53200000
2022-01-19,52550000,53200000
2022-01-20,52800000,53500000
2022-01-21,52750000,53400000
2022-01-22,52800000,53500000
2022-01-24,53350000,54050000
2022-01-25,53550000,54350000
2022-01-26,53500000,54200000
2022-01-27,53000000,53700000
2022-01-28,52850000,53550000
2022-02-07,53900000,54700000
2022-02-08,53650000,54450000
2022-02-09,53400000,54300000
2022-02-10,53100000,54200000
2022-02-11,52800000,53600000
2022-02-12,53200000,54000000
2022-02-14,53450000,54150000
2022-02-15,53550000,54250000
2022-02-16,53450000,54150000
2022-02-17,53750000,54450000
2022-02-18,53750000,54450000
2022-02-19,53800000,54500000
2022-02-21,53950000,54650000
2022-02-22,54100000,54800000
2022-02-23,54000000,54700000
2022-02-24,54700000,55500000
2022-02-25,54550000,55350000
2022-02-26,54250000,55150000
2022-02-28,54400000,55200000
2022-03-01,54550000,55350000
2022-03-02,54850000,55650000
2022-03-03,54750000,55500000
2022-03-04,54950000,55750000
2022-03-05,55350000,56250000
2022-03-06,55350000,56250000
2022-03-07,56050000,57050000
2022-03-08,56100000,57200000
2022-03-09,56400000,57500000
2022-03-10,55750000,56750000
2022-03-11,55850000,56850000
2022-03-12,56150000,57150000
2022-03-14,55500000,56500000
2022-03-15,55050000,56050000
2022-03-16,54900000,55900000
2022-03-17,55200000,56200000
2022-03-18,55100000,56100000
2022-03-19,54950000,55950000
2022-03-21,55000000,56000000
2022-03-22,55000000,56000000
2022-03-23,55100000,56000000
2022-03-24,55150000,56150000
2022-03-25,55250000,56250000
2022-03-26,55300000,56300000
2022-03-28,55150000,56150000
2022-03-29,54800000,55800000
2022-03-30,54800000,55800000
2022-03-31,54800000,55800000
2022-04-01,54850000,55850000
2022-04-02,54750000,55750000
2022-04-04,54750000,55750000
2022-04-05,54750000,55650000
2022-04-06,54650000,55550000
2022-04-07,54650000,55550000
2022-04-08,54800000,55700000
2022-04-09,55100000,56000000
2022-04-12,55500000,56400000
2022-04-13,55900000,56800000
2022-04-14,55850000,56750000
2022-04-15,55900000,56800000
2022-04-16,55950000,56850000
2022-04-18,56550000,57450000
2022-04-19,56350000,57250000
2022-04-20,55750000,56650000
2022-04-21,55750000,56650000
2022-04-22,55750000,56650000
2022-04-23,55600000,56500000
2022-04-25,55300000,56200000
2022-04-26,55100000,56000000
2022-04-27,54950000,55850000
2022-04-28,54650000,55550000
2022-04-29,55100000,56000000
2022-05-03,54500000,55400000
2022-05-04,54700000,55600000
2022-05-05,54850000,55750000
2022-05-06,54750000,55650000
2022-05-07,54750000,55650000
2022-05-09,54700000,55600000
2022-05-10,54700000,55600000
2022-05-11,54650000,55550000
2022-05-12,54700000,55600000
2022-05-13,54450000,55350000
2022-05-14,54200000,55100000
2022-05-16,53900000,54800000
2022-05-17,54000000,54900000
2022-05-18,53800000,54800000
2022-05-19,53850000,54850000
2022-05-20,54200000,55100000
2022-05-21,54300000,55200000
2022-05-23,54450000,55400000
2022-05-24,54400000,55300000
2022-05-25,54200000,55200000
2022-05-26,54100000,55100000
2022-05-27,54200000,55200000
2022-05-28,54150000,55150000
2022-05-30,54200000,55150000
2022-05-31,54150000,55100000
2022-06-01,53800000,54750000
2022-06-02,53900000,54850000
2022-06-03,54100000,55050000
2022-06-04,53900000,54850000
2022-06-06,53950000,54850000
2022-06-07,53850000,54800000
2022-06-08,53850000,54800000
2022-06-09,53900000,54850000
2022-06-10,53850000,54800000
2022-06-11,54150000,55100000
2022-06-13,54050000,55000000
2022-06-14,53750000,54700000
2022-06-15,53700000,54650000
2022-06-16,53850000,54800000
2022-06-17,54050000,55000000
2022-06-18,53900000,54850000
2022-06-20,53950000,54900000
2022-06-21,53900000,54850000
2022-06-22,53750000,54700000
2022-06-23,53800000,54750000
2022-06-24,53700000,54650000
2022-06-25,53700000,54650000
2022-06-27,53800000,54750000
2022-06-28,53700000,54650000
2022-06-29,53550000,54500000
2022-06-30,53450000,54400000
2022-07-01,53250000,54200000
2022-07-02,53250000,54200000
2022-07-04,53050000,54000000
2022-07-05,53050000,54000000
2022-07-06,52500000,53450000
2022-07-07,51950000,52900000
2022-07-08,51850000,52800000
2022-07-09,51850000,52800000
2022-07-11,51900000,52800000
2022-07-12,51900000,52800000
2022-07-13,52050000,52950000
2022-07-14,52200000,53100000
2022-07-15,52050000,52950000
2022-07-16,52100000,53000000
2022-07-18,52200000,53100000
2022-07-19,51750000,52650000
2022-07-20,51850000,52750000
2022-07-21,51450000,52350000
2022-07-22,51850000,52750000
2022-07-23,51900000,52800000
2022-07-25,51950000,52850000
2022-07-26,51850000,52750000
2022-07-27,51850000,52750000
2022-07-28,51950000,52850000
2022-07-29,52200000,53100000
2022-07-30,52300000,53200000
2022-08-01,52500000,53400000
2022-08-02,52600000,53500000
2022-08-03,52700000,53600000
2022-08-04,52600000,53500000
2022-08-05,52750000,53650000
2022-08-06,52550000,53450000
2022-08-08,52350000,53250000
2022-08-09,52350000,53250000
2022-08-10,52350000,53250000
2022-08-11,52550000,53450000
2022-08-12,52600000,53500000
2022-08-13,52750000,53650000
2022-08-15,52500000,53400000
2022-08-16,52300000,53200000
2022-08-17,52250000,53150000
2022-08-18,52050000,52950000
2022-08-19,51800000,52700000
2022-08-20,51700000,52600000
2022-08-22,51650000,52550000
2022-08-23,51700000,52600000
2022-08-24,51800000,52700000
2022-08-25,51850000,52750000
2022-08-26,51750000,52650000
2022-08-27,51550000,52450000
2022-08-29,51300000,52200000
2022-08-30,51400000,52300000
2022-08-31,51050000,51950000
2022-09-01,51000000,51900000
2022-09-03,51000000,51900000
2022-09-05,51100000,52000000
2022-09-06,51050000,51950000
2022-09-07,50850000,51750000
2022-09-08,51050000,51950000
2022-09-09,51150000,52050000
2022-09-10,51050000,51950000
2022-09-12,51150000,52050000
2022-09-13,51100000,52000000
2022-09-14,50700000,51600000
2022-09-15,50500000,51400000
2022-09-16,50200000,51100000
2022-09-17,50400000,51300000
2022-09-18,50400000,51300000
2022-09-19,50300000,51200000
2022-09-20,50300000,51200000
2022-09-21,50450000,51350000
2022-09-22,50450000,51350000
2022-09-23,50450000,51350000
2022-09-24,50350000,51250000
2022-09-26,50300000,51200000
2022-09-27,50150000,51050000
2022-09-28,50250000,51150000
2022-09-29,50750000,51650000
2022-09-30,51450000,52450000
2022-10-01,51650000,52650000
2022-10-03,51950000,52950000
2022-10-04,52500000,53500000
2022-10-05,52400000,53400000
2022-10-06,52250000,53250000
2022-10-07,52250000,53250000
2022-10-08,52250000,53250000
2022-10-10,51650000,52650000
2022-10-11,51600000,52600000
2022-10-12,51650000,52650000
2022-10-13,51750000,52750000
2022-10-14,51750000,52750000
2022-10-15,51600000,52600000
2022-10-17,51750000,52750000
2022-10-18,51900000,52900000
2022-10-19,51950000,52950000
2022-10-20,51850000,52850000
2022-10-21,51900000,52900000
2022-10-22,52400000,53400000
2022-10-24,52300000,53300000
2022-10-25,52250000,53250000
2022-10-26,52450000,53450000
2022-10-27,52250000,53250000
2022-10-28,52100000,53100000
2022-10-29,52050000,53050000
2022-10-31,51800000,52800000
2022-11-01,51800000,52800000
2022-11-02,51900000,52900000
2022-11-03,51700000,52700000
2022-11-04,51800000,52800000
2022-11-05,52200000,53200000
2022-11-07,52150000,53150000
2022-11-08,52050000,53050000
2022-11-09,52350000,53350000
2022-11-10,52300000,53300000
2022-11-11,53400000,54400000
2022-11-12,53600000,54600000
2022-11-14,53650000,54650000
2022-11-15,53800000,54800000
2022-11-16,53750000,54750000
2022-11-17,53550000,54550000
2022-11-18,53500000,54500000
2022-11-19,53200000,54200000
2022-11-21,53000000,54000000
2022-11-22,53000000,54000000
2022-11-23,52850000,53850000
2022-11-24,53150000,54150000
2022-11-25,53050000,54050000
2022-11-26,53050000,54050000
2022-11-28,53150000,54150000
2022-11-29,53150000,54150000
2022-11-30,53200000,54200000
2022-12-01,53300000,54300000
2022-12-02,53350000,54350000
2022-12-03,53300000,54300000
2022-12-05,53250000,54250000
2022-12-06,52950000,53950000
2022-12-07,52850000,53850000
2022-12-08,52950000,53950000
2022-12-09,53100000,54100000
2022-12-10,53200000,54200000
2022-12-12,53000000,54000000
2022-12-13,53000000,54000000
2022-12-14,53200000,54200000
2022-12-15,52900000,53900000
2022-12-16,52650000,53650000
2022-12-17,52900000,53900000
2022-12-19,52950000,53950000
2022-12-20,53000000,54000000
2022-12-21,53100000,54100000
2022-12-22,53200000,54200000
2022-12-23,52950000,53950000
2022-12-24,52900000,53900000
2022-12-26,52850000,53850000
2022-12-27,52950000,53950000
2022-12-28,52800000,53800000
2022-12-29,52800000,53800000
2022-12-30,52900000,53900000
2022-12-31,53000000,54000000
2023-01-03,53300000,54300000
2023-01-04,53450000,54450000
2023-01-05,53300000,54300000
2023-01-06,53300000,54300000
2023-01-07,53550000,54550000
2023-01-09,53650000,54650000
2023-01-10,53500000,54500000
2023-01-11,53600000,54600000
2023-01-12,53550000,54550000
2023-01-13,53750000,54750000
2023-01-14,54050000,55050000
2023-01-16,54300000,55300000
2023-01-17,54600000,55600000
2023-01-18,54550000,55550000
2023-01-19,54600000,55600000
2023-01-27,55250000,56250000
2023-01-28,55400000,56400000
2023-01-29,55200000,56300000
2023-01-30,54500000,55700000
2023-01-31,54300000,55500000
2023-02-01,54200000,55300000
2023-02-02,54400000,55500000
2023-02-03,54100000,55200000
2023-02-04,53550000,54550000
2023-02-06,53950000,54900000
2023-02-07,53950000,54900000
2023-02-08,53950000,54850000
2023-02-09,54050000,54950000
2023-02-10,53850000,54750000
2023-02-11,53900000,54800000
2023-02-13,53850000,54750000
2023-02-14,53800000,54700000
2023-02-15,53500000,54400000
2023-02-16,53500000,54400000
2023-02-17,53250000,54150000
2023-02-18,53550000,54450000
2023-02-20,53650000,54550000
2023-02-21,53500000,54400000
2023-02-22,53450000,54350000
2023-02-23,53350000,54250000
2023-02-24,53300000,54200000
2023-02-25,53050000,53950000
2023-02-27,53100000,54000000
2023-02-28,53050000,53950000
2023-03-01,53150000,54050000
2023-03-02,53150000,54050000
2023-03-03,53250000,54150000
2023-03-04,53450000,54350000
2023-03-06,53450000,54350000
2023-03-07,53300000,54200000
2023-03-08,53050000,53950000
2023-03-09,53250000,54200000
2023-03-10,53450000,54400000
2023-03-11,53800000,54800000
2023-03-13,54150000,55050000
2023-03-14,54200000,55100000
2023-03-15,53850000,54750000
2023-03-16,54150000,55050000
2023-03-17,54300000,55200000
2023-03-18,55100000,56150000
2023-03-20,54900000,55900000
2023-03-21,54800000,55800000
2023-03-22,54500000,55500000
2023-03-23,54900000,55900000
2023-03-24,54950000,55950000
2023-03-25,54800000,55850000
2023-03-27,54850000,55850000
2023-03-28,54800000,55800000
2023-03-29,54950000,55950000
2023-03-30,54950000,55950000
2023-03-31,55050000,56050000
2023-04-01,55000000,56000000
2023-04-03,54950000,55900000
2023-04-04,55150000,56100000
2023-04-05,55600000,56600000
2023-04-06,55500000,56500000
2023-04-07,55500000,56500000
2023-04-08,55550000,56550000
2023-04-10,55450000,56450000
2023-04-11,55500000,56500000
2023-04-12,55600000,56600000
2023-04-13,55950000,56950000
2023-04-14,56000000,57000000
2023-04-15,55550000,56550000
2023-04-17,55650000,56650000
2023-04-18,55800000,56800000
2023-04-19,55650000,56650000
2023-04-20,55800000,56800000
2023-04-21,55750000,56750000
2023-04-22,55700000,56700000
2023-04-24,55800000,56800000
2023-04-25,55800000,56800000
2023-04-26,55850000,56850000
2023-04-27,55900000,56900000
2023-04-28,55700000,56700000
2023-05-03,55950000,56950000
2023-05-04,56150000,57200000
2023-05-05,56400000,57450000
2023-05-06,56150000,57200000
2023-05-08,56300000,57300000
2023-05-09,56450000,57450000
2023-05-10,56450000,57450000
2023-05-11,56450000,57450000
2023-05-12,56350000,57350000
2023-05-13,56350000,57350000
2023-05-15,56550000,57550000
2023-05-16,56450000,57450000
2023-05-17,56150000,57150000
2023-05-18,56000000,57000000
2023-05-19,55850000,56850000
2023-05-20,56000000,57000000
2023-05-22,56000000,57000000
2023-05-23,55800000,56800000
2023-05-24,55850000,56800000
2023-05-25,55700000,56650000
2023-05-26,55650000,56600000
2023-05-27,55600000,56550000
2023-05-29,55600000,56550000
2023-05-30,55550000,56500000
2023-05-31,55550000,56500000
2023-06-01,55550000,56500000
2023-06-02,55700000,56650000
2023-06-03,55550000,56500000
2023-06-05,55450000,56400000
2023-06-06,55500000,56450000
2023-06-07,55550000,56500000
2023-06-08,55450000,56400000
2023-06-09,55600000,56550000
2023-06-10,55550000,56500000
2023-06-12,55650000,56600000
2023-06-13,55600000,56550000
2023-06-14,55600000,56550000
2023-06-15,55450000,56400000
2023-06-16,55700000,56650000
2023-06-17,55600000,56550000
2023-06-19,55650000,56600000
2023-06-20,55600000,56550000
2023-06-21,55450000,56400000
2023-06-22,55500000,56450000
2023-06-23,55300000,56300000
2023-06-24,55350000,56350000
2023-06-26,55500000,56500000
2023-06-27,55450000,56450000
2023-06-28,55250000,56250000
2023-06-29,55200000,56200000
2023-06-30,55100000,56100000
2023-07-01,55250000,56250000
2023-07-03,55100000,56100000
2023-07-04,55150000,56150000
2023-07-05,55150000,56150000
2023-07-06,55050000,56050000
2023-07-07,55100000,56100000
2023-07-08,55200000,56200000
2023-07-10,55300000,56300000
2023-07-11,55500000,56500000
2023-07-12,55600000,56600000
2023-07-13,55950000,56950000
2023-07-14,55850000,56850000
2023-07-15,55800000,56800000
2023-07-17,55700000,56700000
2023-07-18,55850000,56850000
2023-07-19,55950000,56950000
2023-07-20,56100000,57100000
2023-07-21,55900000,56900000
2023-07-22,55850000,56850000
2023-07-24,56000000,57000000
2023-07-25,56000000,57000000
2023-07-26,56150000,57150000
2023-07-27,56200000,57200000
2023-07-28,56000000,57000000
2023-07-29,56100000,57100000
2023-07-31,56050000,57050000
2023-08-01,56050000,57050000
2023-08-02,55950000,56950000
2023-08-03,55900000,56900000
2023-08-04,55900000,56900000
2023-08-05,56050000,57050000
2023-08-07,56000000,57000000
2023-08-08,56050000,57000000
2023-08-09,56000000,56950000
2023-08-10,55900000,56850000
2023-08-11,55900000,56850000
2023-08-12,55850000,56800000
2023-08-14,55900000,56850000
2023-08-15,55750000,56700000
2023-08-16,55850000,56800000
2023-08-17,55800000,56750000
2023-08-18,55800000,56750000
2023-08-19,55750000,56700000
2023-08-21,55800000,56750000
2023-08-22,55900000,56850000
2023-08-23,55950000,56900000
2023-08-24,56050000,57000000
2023-08-25,56000000,56950000
2023-08-26,56000000,56950000
2023-08-28,55950000,56900000
2023-08-29,56000000,56950000
2023-08-30,56100000,57050000
2023-08-31,56300000,57250000
2023-09-01,56250000,57250000
2023-09-05,56150000,57150000
2023-09-06,56050000,57050000
2023-09-07,56050000,57050000
2023-09-08,56200000,57150000
2023-09-09,56100000,57100000
2023-09-11,56300000,57250000
2023-09-12,56150000,57150000
2023-09-13,56200000,57200000
2023-09-14,56250000,57250000
2023-09-15,56450000,57450000
2023-09-16,56500000,57500000
2023-09-18,56700000,57700000
2023-09-19,57050000,58000000
2023-09-20,57050000,58000000
2023-09-21,56950000,57900000
2023-09-22,56950000,57900000
2023-09-23,56950000,57900000
2023-09-25,56850000,57800000
2023-09-26,56800000,57750000
2023-09-27,56600000,57550000
2023-09-28,56350000,57350000
2023-09-29,56150000,57150000
2023-09-30,55950000,56950000
2023-10-02,55800000,56800000
2023-10-03,55550000,56600000
2023-10-04,55450000,56500000
2023-10-05,55600000,56600000
2023-10-06,55600000,56600000
2023-10-07,55750000,56800000
2023-10-09,56100000,57150000
2023-10-10,56250000,57300000
2023-10-11,56350000,57350000
2023-10-20,57900000,58900000
2023-10-31,58650000,59650000
2023-11-22,59550000,60550000
2023-11-23,59850000,60950000
2023-11-27,60500000,61600000
2023-12-08,60950000,62050000
2023-12-09,60700000,61750000
2023-12-11,60450000,61500000
2023-12-12,60050000,61100000
2023-12-13,59900000,60950000
2023-12-14,60550000,61600000
2023-12-15,60900000,61950000
2023-12-18,60900000,61950000
2023-12-19,61000000,62050000
2023-12-20,61500000,62500000
2023-12-21,61500000,62500000
2023-12-22,61800000,62850000
2023-12-23,61900000,62950000
2023-12-25,62050000,63100000
2023-12-26,62600000,63650000
2023-12-27,62750000,63800000
2023-12-28,62850000,63900000
2023-12-29,62200000,63250000
2023-12-30,61850000,62950000
2024-01-02,62100000,63150000
2024-01-03,62100000,63150000
2024-01-04,61950000,63000000
2024-01-05,62050000,63100000
2024-01-06,61950000,63000000
2024-01-08,61900000,62950000
2024-01-10,62000000,63050000
2024-01-11,62000000,63100000
2024-01-12,62200000,63300000
2024-01-13,62400000,63500000
2024-01-15,62900000,64050000
2024-01-16,62950000,64100000
2024-01-17,62600000,63700000
2024-01-18,62300000,63400000
2024-01-19,62600000,63750000
2024-01-20,62650000,63850000
2024-01-22,62800000,64000000
2024-01-23,62850000,64050000
2024-01-24,62900000,64100000
2024-01-25,62700000,63900000
2024-01-26,62750000,63950000
2024-01-27,62750000,63950000
2024-01-29,62800000,64000000
2024-01-30,62900000,64100000
2024-01-31,63000000,64200000
2024-02-01,63150000,64350000
2024-02-02,63300000,64500000
2024-02-03,63200000,64400000
2024-02-05,63200000,64400000
2024-02-06,63200000,64400000
2024-02-07,63400000,64600000
2024-02-15,63200000,64400000
2024-02-16,63500000,64600000
2024-02-17,63650000,64850000
2024-02-18,63400000,64700000
2024-02-19,63300000,64700000
2024-02-20,63200000,64500000
2024-02-21,63450000,64650000
2024-02-22,63500000,64700000
2024-02-23,63450000,64650000
2024-02-24,63550000,64750000
2024-02-26,63650000,64850000
2024-02-27,63900000,65100000
2024-02-28,63950000,65150000
2024-02-29,64100000,65300000
2024-03-01,64400000,65600000
2024-03-02,65300000,66500000
2024-03-04,65600000,66800000
2024-03-05,66550000,67750000
2024-03-06,66600000,67800000
2024-03-07,66900000,68150000
2024-03-08,67350000,68600000
2024-03-09,68350000,69600000
2024-03-11,68900000,70100000
2024-03-12,68900000,70150000
2024-03-13,67100000,68400000
2024-03-14,67750000,69050000
2024-03-15,67800000,69000000
2024-03-16,67600000,68800000
2024-03-18,67250000,68450000
2024-03-19,67450000,68650000
2024-03-20,67550000,68750000
2024-03-21,68400000,69700000
2024-03-22,67800000,69100000
2024-03-25,68000000,69250000
2024-03-26,68150000,69400000
2024-03-27,68250000,69450000
2024-03-28,68500000,69750000
2024-03-29,69200000,70450000
2024-04-01,69550000,70800000
2024-04-02,69750000,70900000
2024-04-03,70350000,71550000
2024-04-04,70850000,72100000
2024-04-05,70800000,72000000
2024-04-06,71850000,73150000
2024-04-08,72900000,74300000
2024-04-09,74300000,75700000
2024-04-10,75000000,76700000
2024-04-11,74400000,76100000
2024-04-12,75350000,77150000
2024-04-13,74300000,76200000
2024-04-15,74600000,76500000
2024-04-16,74700000,76600000
2024-04-17,74700000,76600000
2024-04-19,74800000,76700000
2024-04-22,74000000,75900000
2024-04-23,72900000,74700000
2024-04-24,73100000,74900000
2024-04-25,73150000,74850000
2024-04-26,73800000,75500000
2024-05-02,73250000,74950000
2024-05-03,73100000,74800000
2024-05-06,73350000,75050000
2024-05-07,73500000,75200000
2024-05-08,73300000,75000000
2024-05-09,73500000,75200000
2024-05-10,74850000,76550000
2024-05-12,74850000,76550000
2024-05-13,74650000,76350000
2024-05-14,74600000,76300000
2024-05-15,75000000,76700000
2024-05-16,75350000,77050000
2024-05-17,75250000,76850000
2024-05-18,75600000,77200000
2024-05-20,75750000,77450000
2024-05-21,75550000,77250000
2024-05-22,75800000,77400000
2024-05-23,75200000,76800000
2024-05-24,74800000,76400000
2024-05-27,74850000,76450000
2024-05-28,74950000,76550000
2024-05-29,74950000,76500000
2024-05-30,74500000,76100000
2024-05-31,74500000,76100000
2024-06-01,74100000,75700000
2024-06-03,73400000,75000000
2024-06-04,73450000,75050000
2024-06-05,73200000,74800000
2024-06-06,73500000,75100000
2024-06-07,73500000,75100000
2024-06-08,72600000,74200000
2024-06-11,72700000,74300000
2024-06-12,72800000,74400000
2024-06-13,72900000,74500000
2024-06-14,72900000,74500000
2024-06-15,73350000,74950000
2024-06-17,73300000,74900000
2024-06-19,73450000,75050000
2024-06-20,73600000,75200000
2024-06-21,74200000,75800000
2024-06-22,73750000,75350000
2024-06-24,73950000,75550000
2024-06-26,73850000,75450000
2024-06-27,73700000,75300000
2024-06-28,73950000,75550000
2024-07-02,74000000,75600000
2024-07-03,74150000,75750000
2024-07-04,74400000,76000000
2024-07-06,74600000,76200000
2024-07-08,74500000,76100000
2024-07-09,74300000,75900000
2024-07-10,74450000,76050000
2024-07-11,74650000,76250000
2024-07-12,75150000,76650000
2024-07-16,75450000,76850000
2024-07-17,75980000,76880000
2024-07-18,76200000,77600000
2024-07-19,75800000,77200000
2024-07-20,75700000,77100000
2024-07-22,75800000,77200000
2024-07-23,75700000,77100000
2024-07-24,75800000,77200000
2024-07-25,75550000,76950000
2024-07-26,75300000,76800000
2024-07-27,75500000,77000000
2024-07-29,75600000,77050000
2024-07-30,75600000,77000000
2024-07-31,75950000,77300000
2024-08-01,76200000,77550000
2024-08-02,76350000,77650000
2024-08-03,76150000,77550000
2024-08-05,76250000,77550000
2024-08-06,76150000,77450000
2024-08-07,75900000,77300000
2024-08-08,75950000,77300000
2024-08-09,76150000,77500000
2024-08-10,76250000,77600000
2024-08-12,76300000,77600000
2024-08-13,76600000,77900000
2024-08-15,76500000,77800000
2024-08-16,76450000,77750000
2024-08-17,77000000,78400000
2024-08-19,76800000,78200000
2024-08-20,77050000,78350000
2024-08-21,77100000,78400000
2024-08-23,77000000,78300000
2024-08-24,77100000,78400000
2024-08-26,77300000,78550000
2024-08-27,77300000,78550000
2024-08-28,77350000,78600000
2024-08-29,77400000,78650000
2024-08-31,77300000,78600000
2024-09-04,77200000,78500000
2024-09-05,77300000,78600000
2024-09-07,77150000,78450000
2024-09-10,77250000,78500000
2024-09-11,77400000,78650000
2024-09-12,77300000,78600000
2024-09-13,77800000,79100000
2024-09-16,77900000,79200000
2024-09-19,77900000,79200000
2024-10-08,80700000,82000000
2024-10-09,81800000,83100000
2024-10-10,81500000,82800000
2024-10-11,81500000,82900000
2024-10-12,81600000,83000000
2024-10-14,81800000,83200000
2024-10-15,81900000,83300000
2024-10-16,82600000,83900000
2024-10-17,83100000,84300000
2024-10-18,83850000,84950000
2024-10-19,84000000,85300000
2024-10-21,84900000,86200000
2024-10-22,86000000,87300000
2024-10-23,87000000,88500000
2024-10-28,87000000,88500000
2024-10-29,87000000,88500000
2024-10-30,87500000,89000000
2024-10-31,87700000,89200000
2024-11-01,87400000,88900000
2024-11-04,87000000,88700000
2024-11-05,86800000,88300000
2024-11-06,86400000,87900000
2024-11-07,81000000,83800000
2024-11-08,82000000,84800000
2024-11-11,81800000,84300000
2024-11-12,79900000,82400000
2024-11-13,79700000,82200000
2024-11-14,79000000,81700000
2024-11-15,79500000,82000000
2024-11-16,79800000,82300000
2024-11-18,80900000,83100000
2024-11-19,82000000,84400000
2024-11-20,82700000,84900000
2024-11-21,83700000,85600000
2024-11-22,84600000,86100000
2024-11-23,85000000,86500000
2024-11-25,84000000,85600000
2024-11-26,82100000,84200000
2024-11-27,82700000,84600000
2024-11-28,82500000,84400000
2024-11-29,82800000,84700000
2024-12-02,82300000,84000000
2024-12-03,82700000,84200000
2024-12-04,83000000,84300000
2024-12-06,82600000,84000000
2024-12-09,82700000,84200000
2024-12-10,83500000,84800000
2024-12-11,84300000,85700000
2024-12-12,84500000,85900000
2024-12-13,83800000,85200000
2024-12-14,83300000,84700000
2024-12-16,82600000,84300000
2024-12-17,82600000,84300000
2024-12-18,83000000,84500000
2024-12-19,82100000,83800000
2024-12-20,81800000,83600000
2024-12-23,82500000,84300000
2024-12-24,82300000,84100000
2024-12-25,82300000,84100000
2024-12-26,82500000,84300000
2024-12-27,82700000,84500000
2024-12-30,82500000,84300000
2024-12-31,82200000,84000000
2025-01-02,83500000,84800000
2025-01-03,84000000,85300000
2025-01-06,83500000,84800000
2025-01-07,83800000,85100000
2025-01-08,84000000,85300000
2025-01-09,84500000,85800000
2025-01-10,84700000,86000000
2025-01-11,84800000,86600000
2025-01-13,84700000,86500000
2025-01-14,84400000,86100000
2025-01-15,84500000,86100000
2025-01-16,84800000,86500000
2025-01-17,85000000,86700000
2025-01-18,84600000,86300000
2025-01-20,84600000,86300000
2025-01-21,85200000,86900000
2025-01-22,86000000,87700000
2025-01-23,86100000,87800000
2025-01-24,86300000,88000000
2025-01-25,86300000,88000000
2025-02-03,87500000,89200000
2025-02-04,87600000,89600000
2025-02-05,88000000,90500000
2025-02-06,86400000,89400000
2025-02-07,86800000,89800000
2025-02-10,88000000,90700000
2025-02-11,88000000,90500000
2025-02-12,86700000,89700000
2025-02-13,87700000,90500000
2025-02-14,88300000,91100000
2025-02-15,87300000,90100000
2025-02-17,87600000,90400000
2025-02-18,88600000,90900000
2025-02-19,89600000,91700000
2025-02-20,89900000,92000000
2025-02-21,89300000,91400000
2025-02-22,89300000,91400000
2025-02-24,89700000,91800000
2025-02-25,89700000,91800000
2025-02-26,89000000,91100000
2025-02-27,88900000,91000000
2025-02-28,88500000,90400000
2025-03-01,88500000,90400000
2025-03-03,89000000,90900000
2025-03-04,90700000,92600000
2025-03-05,90700000,92600000
2025-03-06,90700000,92600000
2025-03-07,91100000,93000000
2025-03-08,90900000,92800000
2025-03-10,90900000,92800000
2025-03-11,91000000,92900000
2025-03-12,91800000,93400000
2025-03-13,92800000,94300000
2025-03-14,94200000,95700000
2025-03-15,94200000,95700000
2025-03-17,94700000,96000000
2025-03-18,96600000,98100000
2025-03-19,97900000,99400000
2025-03-20,97700000,99700000
2025-03-21,94600000,97300000
2025-03-22,94300000,97000000
2025-03-24,95000000,97400000
2025-03-25,95800000,97700000
2025-03-26,96600000,98200000
2025-03-27,97200000,98700000
2025-03-28,98100000,100100000
2025-03-29,98200000,100400000
2025-03-31,99000000,101200000
2025-04-01,99200000,101500000
2025-04-02,98900000,101500000
2025-04-03,99400000,102000000
2025-04-04,98700000,101200000
2025-04-05,97000000,100000000
2025-04-08,97600000,100100000
2025-04-09,99500000,101700000
2025-04-10,99800000,102800000
2025-04-11,101100000,104400000
2025-04-12,101400000,104900000
2025-04-14,102000000,105000000
2025-04-15,103000000,106000000
2025-04-16,110500000,113500000
2025-04-17,114000000,117000000
2025-04-18,114000000,117000000
2025-04-19,109500000,113500000
2025-04-21,113000000,116000000
2025-04-22,116000000,119000000
2025-04-23,112500000,115500000
2025-04-24,113500000,116500000
2025-04-25,112500000,115500000
2025-04-26,114000000,116500000
2025-04-28,112500000,115000000
2025-04-29,114000000,116500000
2025-05-05,112500000,115000000
2025-05-06,115500000,118000000
2025-05-07,115500000,118000000
2025-05-08,114000000,116500000
2025-05-09,114000000,116500000
2025-05-10,114500000,117000000
2025-05-12,112500000,115000000
2025-05-13,113000000,115500000
2025-05-14,112500000,115000000
2025-05-15,110500000,113500000
2025-05-16,111700000,114700000
2025-05-17,111000000,114000000
2025-05-19,111500000,114500000
2025-05-20,111000000,114000000
2025-05-21,112000000,115000000
2025-05-22,112500000,115500000
2025-05-23,112500000,115500000
2025-05-24,113500000,116000000
2025-05-26,111500000,114500000
2025-05-27,111000000,114000000
2025-05-28,111300000,114000000
2025-05-29,110300000,113300000
2025-05-30,111000000,114000000
2025-05-31,110500000,113500000
2025-06-02,111200000,113700000
2025-06-03,111000000,113500000
2025-06-04,111000000,113500000
2025-06-05,111700000,114000000
2025-06-06,112000000,114300000
2025-06-07,111200000,113500000
2025-06-09,111500000,113800000
2025-06-10,111700000,114000000
2025-06-11,112000000,114500000
2025-06-12,112500000,115000000
2025-06-13,113500000,116000000
2025-06-14,113700000,116200000
2025-06-16,113900000,116400000
2025-06-17,113700000,116200000
2025-06-19,113500000,116000000
2025-06-20,113500000,116000000
2025-06-21,113700000,116200000
2025-06-23,113700000,116200000
2025-06-24,113500000,116000000
2025-06-25,113500000,116000000
2025-06-26,113800000,116300000
2025-06-27,113400000,115900000
2025-06-28,113200000,115700000
2025-06-30,113500000,116000000
2025-07-01,114300000,116800000
2025-07-02,114000000,116500000
2025-07-03,114500000,117000000
2025-07-04,114300000,116800000
2025-07-05,114300000,116800000
2025-07-07,113900000,116400000
2025-07-08,114400000,116900000
2025-07-09,114000000,116500000
2025-07-10,114200000,116700000
2025-07-11,114500000,117000000
2025-07-12,115000000,117500000
2025-07-14,115000000,117500000
2025-07-15,114600000,117100000
2025-07-16,114200000,116700000
2025-07-17,114200000,116700000
2025-07-18,114200000,116700000
2025-07-21,114500000,117000000
2025-07-22,115000000,117500000
2025-07-23,115500000,118000000
2025-07-24,115000000,117500000
2025-07-25,115000000,117500000
2025-07-26,114500000,117000000
2025-07-28,114500000,117000000
2025-07-29,114400000,116900000
2025-07-30,114700000,117200000
2025-07-31,114600000,117100000
2025-08-01,114600000,117100000
2025-08-02,116500000,119000000
2025-08-04,116300000,118800000
2025-08-05,116800000,119300000
2025-08-06,116800000,119300000
2025-08-07,116800000,119300000
2025-08-08,117300000,119800000
2025-08-09,117300000,119800000
2025-08-11,116600000,119100000
2025-08-12,116500000,119000000
2025-08-13,116800000,119300000
2025-08-14,116800000,119300000
2025-08-15,116600000,119100000
2025-08-16,116600000,119100000
2025-08-18,117000000,119500000
2025-08-19,117000000,119500000
2025-08-20,116800000,119300000
2025-08-21,117300000,119800000
2025-08-22,117500000,120000000
2025-08-23,118500000,121000000
2025-08-25,119100000,121600000
2025-08-26,119600000,122100000
2025-08-27,119900000,122400000
2025-08-28,120100000,122600000
2025-08-29,121000000,123500000
2025-08-30,122500000,125000000
2025-09-03,125500000,128000000
2025-09-04,126200000,128700000
2025-09-05,126700000,129200000
2025-09-06,127700000,130200000
2025-09-08,127700000,130200000
2025-09-09,128300000,130800000
2025-09-10,127700000,130200000
2025-09-11,126600000,129600000
2025-09-12,125000000,128000000
2025-09-13,125000000,128000000
2025-09-15,125000000,128000000
2025-09-16,126600000,129300000
2025-09-18,126300000,129000000
2025-09-19,126000000,128700000
2025-09-20,126800000,129500000
2025-09-22,127300000,130000000
2025-09-23,128800000,131500000
2025-09-24,128800000,131500000
2025-09-25,128300000,131000000
2025-09-26,128300000,131000000
2025-09-27,128800000,131500000
2025-09-29,129700000,132400000
2025-09-30,130200000,132900000
2025-10-01,131800000,134500000
2025-10-02,131500000,134200000
2025-10-04,132300000,135000000
2025-10-06,134300000,137000000
2025-10-07,135000000,137700000
2025-10-08,136800000,139500000
2025-10-09,136800000,139500000
2025-10-10,136200000,138900000
2025-10-11,136800000,139500000
2025-10-13,138500000,141200000
2025-10-14,142300000,144500000
2025-10-15,144200000,146400000
2025-10-16,145900000,148100000
2025-10-17,150000000,152200000
2025-10-18,148000000,150200000
2025-10-20,148000000,150200000
2025-10-21,149600000,151800000
2025-10-22,145400000,147900000
2025-10-23,146200000,148700000
2025-10-24,145400000,147900000
2025-10-25,146100000,148600000
2025-10-27,145000000,147500000
2025-10-28,141200000,143700000
2025-10-29,143800000,146300000
2025-10-30,143600000,146100000
2025-10-31,143600000,146100000
2025-11-01,143600000,146100000
2025-11-03,143900000,146400000
2025-11-04,143400000,145900000
2025-11-05,142700000,145200000
2025-11-06,143300000,145800000
2025-11-07,143300000,145800000
2025-11-08,143300000,145800000
2025-11-10,145300000,147800000
2025-11-11,147300000,149800000
2025-11-12,147200000,149700000
2025-11-13,150200000,152700000
2025-11-14,148700000,151200000
2025-11-15,146500000,149000000
2025-11-17,146500000,149000000
2025-11-18,145300000,147800000
2025-11-19,146500000,149000000
2025-11-20,145900000,148400000
2025-11-21,145400000,147900000
2025-11-22,146000000,148500000
2025-11-24,146000000,148500000
2025-11-25,148000000,150500000
2025-11-26,149000000,151500000
2025-11-27,149000000,151500000
2025-11-28,149400000,151900000
2025-11-29,150600000,153100000
2025-12-01,151000000,153500000
2025-12-02,150300000,152800000
2025-12-03,150000000,152500000
2025-12-04,149400000,151900000
2025-12-05,150000000,152500000
2025-12-06,149500000,152000000
2025-12-08,149500000,152000000
2025-12-09,148800000,151300000
2025-12-10,149600000,152100000
2025-12-11,149600000,152100000
2025-12-12,150500000,153000000
2025-12-13,151100000,153600000
2025-12-15,151600000,154400000
2025-12-16,149900000,152700000
2025-12-17,150300000,153300000
2025-12-18,150300000,153300000
2025-12-19,150300000,153300000
2025-12-20,150500000,153500000
2025-12-22,151100000,154100000
2025-12-23,152600000,155600000
2025-12-24,152600000,155600000
2025-12-25,152600000,155600000
2025-12-26,152800000,155800000
2025-12-27,153100000,156100000
2025-12-29,151100000,154100000
2025-12-30,147800000,150800000
2025-12-31,145900000,148900000
2026-01-04,145900000,148900000
2026-01-05,149900000,152900000
2026-01-06,151000000,154000000
2026-01-07,152100000,154600000
2026-01-08,151900000,154400000
2026-01-09,152800000,155300000
2026-01-10,154300000,156800000
2026-01-12,156500000,159000000
2026-01-13,156500000,159000000
2026-01-14,157900000,160400000
2026-01-15,157200000,159700000
2026-01-16,157200000,159700000
2026-01-17,157200000,159700000
2026-01-19,159700000,162200000
2026-01-20,161000000,163500000
2026-01-21,165900000,168400000
2026-01-22,165200000,167700000
2026-01-23,168300000,170800000
2026-01-24,170500000,173000000
2026-01-26,173500000,176000000
2026-01-27,174100000,176600000
2026-01-28,180700000,183700000
2026-01-29,186300000,189300000
2026-01-30,177000000,180000000
2026-01-31,168000000,171000000
2026-02-02,162500000,165500000
2026-02-03,171500000,174500000
2026-02-04,176700000,179700000
2026-02-05,171500000,174500000
2026-02-06,173000000,176000000
2026-02-07,175800000,178800000
2026-02-09,176900000,179900000
2026-02-10,177500000,180500000
2026-02-11,177500000,180500000
2026-02-12,177500000,180500000
2026-02-13,175500000,178500000
2026-02-14,177500000,180500000
2026-02-23,181100000,184100000
2026-02-24,181100000,184100000
2026-02-25,181800000,184800000
2026-02-26,181000000,184000000
2026-02-27,180800000,183800000
2026-02-28,183800000,186800000
2026-03-02,186400000,189400000
2026-03-03,184900000,187900000
2026-03-04,180900000,183900000
2026-03-05,181400000,184400000
2026-03-06,180500000,183500000
2026-03-07,181700000,184700000
2026-03-09,180800000,183800000
2026-03-10,182800000,185800000
2026-03-11,183900000,186900000
2026-03-12,183000000,186000000
2026-03-13,181500000,184500000
2026-03-14,179300000,182300000
2026-03-16,179800000,182800000
2026-03-17,179700000,182700000
2026-03-18,179700000,182700000
2026-03-19,172200000,175200000
2026-03-20,172800000,175800000
2026-03-21,167700000,170700000
2026-03-23,162800000,165800000
2026-03-24,167000000,170000000
2026-03-25,170300000,173300000
2026-03-26,168300000,171300000
2026-03-27,168400000,171400000
2026-03-28,169600000,172600000
2026-03-30,170600000,173600000
2026-03-31,171700000,174700000
2026-04-01,173500000,176500000
2026-04-02,169800000,173300000
2026-04-03,170800000,174300000
2026-04-04,171300000,174300000
2026-04-06,169600000,172600000
2026-04-07,169000000,172000000
2026-04-08,170500000,174500000
2026-04-09,168000000,171000000
2026-04-10,169400000,172400000
2026-04-11,169100000,172100000
2026-04-13,168200000,171200000
2026-04-14,170200000,172700000
2026-04-15,169700000,173200000
2026-04-16,167200000,170700000
2026-04-17,167000000,170500000
2026-04-18,168000000,171500000
2026-04-20,167800000,170800000
2026-04-21,167900000,170400000
2026-04-22,167300000,169800000
2026-04-23,166500000,169000000
2026-04-24,165000000,167500000
2026-04-25,165800000,168300000
2026-04-28,164000000,167000000
2026-04-29,162500000,165500000
2026-05-04,162800000,165800000
2026-05-05,161500000,164500000
2026-05-06,162500000,165500000
2026-05-07,164000000,167000000
2026-05-08,164000000,167000000
2026-05-09,164000000,167000000
2026-05-11,161700000,164700000
2026-05-12,162300000,165300000
2026-05-13,161800000,164800000
2026-05-14,161800000,164800000
2026-05-15,160800000,163800000
2026-05-16,160300000,163300000
2026-05-18,160300000,163300000
2026-05-19,160300000,163300000
2026-05-20,158000000,161000000
2026-05-21,158900000,161900000
2026-05-22,158500000,161500000
2026-05-23,158000000,161000000
2026-05-25,158500000,161500000
2026-05-26,158000000,161000000
2026-05-27,157200000,160200000
2026-05-28,154300000,157300000
2026-05-29,155300000,158300000
2026-05-30,155800000,158800000
2026-06-01,155300000,158300000
2026-06-02,154300000,157300000
2026-06-03,153800000,156800000
2026-06-04,152800000,155800000
2026-06-05,149000000,153000000
2026-06-06,146000000,150000000
2026-06-08,138600000,143600000
2026-06-09,138600000,143600000
2026-06-10,133200000,138200000
2026-06-11,133300000,138300000
2026-06-12,142300000,145300000
2026-06-13,143900000,146900000
2026-06-15,147900000,150400000
2026-06-16,149400000,151400000
2026-06-17,148700000,151200000
2026-06-18,148700000,151200000
2026-06-19,143600000,146600000
2026-06-20,144100000,147100000
2026-06-22,145500000,148500000
2026-06-23,143900000,146900000
2026-06-24,143900000,146900000
2026-06-25,143100000,146100000
2026-06-26,143900000,146900000
2026-06-27,145400000,148400000
2026-06-29,144900000,147900000
2026-06-30,143900000,146900000
2026-07-01,143300000,146300000
2026-07-02,145300000,148300000
2026-07-03,148300000,151300000
2026-07-04,148300000,151300000
2026-07-06,147900000,150900000
2026-07-07,146700000,149700000
2026-07-08,145200000,148200000
2026-07-09,145700000,148700000
2026-07-10,146400000,149400000
2026-07-11,146400000,149400000
2026-07-13,144400000,147900000
2026-07-14,143500000,147000000
2026-07-15,144500000,148000000
2026-07-16,143700000,147200000
2026-07-17,142100000,145600000
2026-07-18,143000000,146500000
2026-07-20,141500000,145000000
2026-07-21,141900000,145400000
2026-07-22,141000000,145000000
2026-07-23,134000000,139000000
2026-07-24,135000000,140000000
2026-07-25,137000000,141000000
2026-07-26,137000000,141000000
2026-07-27,138500000,142500000
2026-07-28,137000000,141000000
2026-07-29,137000000,141000000
2026-07-30,137200000,141200000
2026-07-31,137400000,141400000
2026-08-01,136500000,140500000
2026-08-02,136500000,140500000
2026-08-03,136500000,140500000
2026-08-04,136500000,140000000
2026-08-05,138300000,141300000
2026-08-06,139200000,142200000
2026-08-07,138700000,141700000
2026-08-08,140500000,143500000
2026-08-09,140500000,143500000
2026-08-10,140600000,143600000
2026-08-11,141500000,144500000
2026-08-12,140800000,143800000
2026-08-13,140800000,143800000
2026-08-14,139800000,142800000
2026-08-15,140500000,143500000
2026-08-16,140500000,143500000
2026-08-17,140700000,143700000
2026-08-18,140800000,143800000
2026-08-19,139200000,142200000
2026-08-20,142500000,145500000
2026-08-21,143500000,146500000
2026-08-22,144100000,147100000
2026-08-23,144100000,147100000
2026-08-24,146500000,149500000
2026-08-25,147100000,150100000
2026-08-26,146800000,149800000
